<?xml version="1.0" encoding="utf-8"?>
<!DOCTYPE hibernate-mapping PUBLIC "-//Hibernate/Hibernate Mapping DTD 3.0//EN"
"http://hibernate.sourceforge.net/hibernate-mapping-3.0.dtd">
<!-- 
    Mapping file autogenerated by MyEclipse Persistence Tools
-->
<hibernate-mapping>
    <class name="com.model.THuodong" table="t_huodong">
        <id name="id" type="java.lang.Integer">
            <column name="id" />
            <generator class="increment" />
        </id>
        <property name="shetuanId" type="java.lang.Integer">
            <column name="shetuan_id" />
        </property>
        <property name="biaoti" type="java.lang.String">
            <column name="biaoti" length="50" />
        </property>
        <property name="neirong" type="java.lang.String">
            <column name="neirong" />
        </property>
        <property name="shijian" type="java.lang.String">
            <column name="shijian" />
        </property>
        <property name="didian" type="java.lang.String">
            <column name="didian" />
        </property>
        <property name="lianxiren" type="java.lang.String">
            <column name="lianxiren" />
        </property>
        <property name="lianxihua" type="java.lang.String">
            <column name="lianxihua" />
        </property>
    </class>
</hibernate-mapping>
