<?xml version="1.0" encoding="utf-8"?>
<!DOCTYPE hibernate-mapping PUBLIC "-//Hibernate/Hibernate Mapping DTD 3.0//EN"
"http://hibernate.sourceforge.net/hibernate-mapping-3.0.dtd">
<!-- 
    Mapping file autogenerated by MyEclipse Persistence Tools
-->
<hibernate-mapping>
    <class name="com.model.TLiuyan" table="t_liuyan">
        <id name="id" type="java.lang.Integer">
            <column name="id" />
            <generator class="increment" />
        </id>
        <property name="neirong" type="java.lang.String">
            <column name="neirong" length="5000" />
        </property>
        <property name="liuyanshi" type="java.lang.String">
            <column name="liuyanshi" length="55" />
        </property>
        <property name="userId" type="java.lang.Integer">
            <column name="userId" />
        </property>
        <property name="huifu" type="java.lang.String">
            <column name="huifu" length="5000" />
        </property>
        <property name="huifushi" type="java.lang.String">
            <column name="huifushi" length="10" />
        </property>
    </class>
</hibernate-mapping>
