<?xml version="1.0" encoding="utf-8"?>
<!DOCTYPE hibernate-mapping PUBLIC "-//Hibernate/Hibernate Mapping DTD 3.0//EN"
"http://hibernate.sourceforge.net/hibernate-mapping-3.0.dtd">
<!-- 
    Mapping file autogenerated by MyEclipse Persistence Tools
-->
<hibernate-mapping>
    <class name="com.model.TShenqing" table="t_shenqing">
        <id name="id" type="java.lang.Integer">
            <column name="id" />
            <generator class="increment" />
        </id>
        <property name="shetuanId" type="java.lang.Integer">
            <column name="shetuan_id" />
        </property>
        <property name="userId" type="java.lang.Integer">
            <column name="user_id" />
        </property>
        <property name="liyou" type="java.lang.String">
            <column name="liyou" length="2000" />
        </property>
        <property name="shenqingshi" type="java.lang.String">
            <column name="shenqingshi" />
        </property>
        <property name="huifuxinxi" type="java.lang.String">
            <column name="huifuxinxi" />
        </property>
        <property name="huifushi" type="java.lang.String">
            <column name="huifushi" />
        </property>
    </class>
</hibernate-mapping>
