<?xml version="1.0" encoding="utf-8"?>
<!DOCTYPE hibernate-mapping PUBLIC "-//Hibernate/Hibernate Mapping DTD 3.0//EN"
"http://hibernate.sourceforge.net/hibernate-mapping-3.0.dtd">
<!-- 
    Mapping file autogenerated by MyEclipse Persistence Tools
-->
<hibernate-mapping>
    <class name="com.model.TShetuan" table="t_shetuan">
        <id name="id" type="java.lang.Integer">
            <column name="id" />
            <generator class="increment" />
        </id>
        <property name="mingcheng" type="java.lang.String">
            <column name="mingcheng" />
        </property>
        <property name="jieshao" type="java.lang.String">
            <column name="jieshao" length="5000" />
        </property>
        <property name="lishijian" type="java.lang.String">
            <column name="lishijian" />
        </property>
        <property name="fuzeren" type="java.lang.String">
            <column name="fuzeren" />
        </property>
        <property name="loginname" type="java.lang.String">
            <column name="loginname" />
        </property>
        <property name="loginpw" type="java.lang.String">
            <column name="loginpw" />
        </property>
        <property name="del" type="java.lang.String">
            <column name="del" />
        </property>
    </class>
</hibernate-mapping>
