<?xml version="1.0" encoding="utf-8"?>
<!DOCTYPE hibernate-mapping PUBLIC "-//Hibernate/Hibernate Mapping DTD 3.0//EN"
"http://hibernate.sourceforge.net/hibernate-mapping-3.0.dtd">
<!-- 
    Mapping file autogenerated by MyEclipse Persistence Tools
-->
<hibernate-mapping>
    <class name="com.model.TUser" table="t_user">
        <id name="id" type="java.lang.Integer">
            <column name="id" />
            <generator class="increment" />
        </id>
        <property name="xuehao" type="java.lang.String">
            <column name="xuehao" length="50" />
        </property>
        <property name="xingming" type="java.lang.String">
            <column name="xingming" length="50" />
        </property>
        <property name="xingbie" type="java.lang.String">
            <column name="xingbie" length="50" />
        </property>
        <property name="nianling" type="java.lang.String">
            <column name="nianling" length="50" />
        </property>
        <property name="banji" type="java.lang.String">
            <column name="banji" length="50" />
        </property>
        <property name="loginpw" type="java.lang.String">
            <column name="loginpw" />
        </property>
        <property name="del" type="java.lang.String">
            <column name="del" />
        </property>
    </class>
</hibernate-mapping>
